8,GRKLWHDL,HHHHHHHH
12,YEKTLLNIEENI,HHHHHHHHHHCC
5,FMLTT,EEEEC
7,NSILFLM,SEEEEEC
9,GFFTALSTV,THHHHHHHH
10,LGHIQRGGSP,CGGGGGCSCC
6,FNPVGA,CEEECC
4,GVRD,CEEC
7,GAGVGNS,SCSSCEE
13,APRREGDLPAYWA,ECCCTTCCSBCCB
34,LDTTAENQAKNEHLQKENERLLRDWNDVQGRFEK,CHHHHHHHHHHHHHHHHHHHHHHHHHTHHHHHHC
6,YGAHLM,HHHHHH
8,LFANTYLA,HHHHHHHH
6,RKSYIA,HHHHHH
7,ARRTPSQ,SBSSCCC
5,YAETI,EEEEE
8,YPEAITYL,CHHHHHHH
12,VDRRMARDGLVH,CCHHHHHHCEEE
3,FVD,ECC
21,NQNAQKTPVLIRANDNNQLSL,HHHHTTCCCEEEESCCSSCCT
4,VYGQ,ECCH
6,DFISSG,SBSCEE
2,LD,TC
13,SIEVFKTDAPYVV,SEEEECCCCCCCH
8,LKVFERVY,CEEEEEEE
15,IVGDGQVLSAVNDVN,EETTTEEECTTTSBC
5,FRLVP,EEECH
4,LRSF,EEEE
12,YPQNCPPDALPG,SCCCCCTTSCTT
3,NVG,EEE
7,IWKAERF,HHHHHHH
7,FENCEKW,HHHHHHH
10,LRTRYEADLA,HHHHHHHIII
7,LQKLQQI,HHHHHHH
8,ARRAKKEM,HHHHHHHH
14,LPIMAKSVLDLYEL,CCEETTEECCHHHH
12,VIGYMPIPVGVA,CCCCCCCCEEEE
10,SRVLADGMTR,EEEEEEEEEE
20,MQILAVSGNYCTDKKPAAIN,CEEEESCCSCSCCSSCCHHH
5,MKKAM,HHHHH
7,LLDIEVA,HHHHHHH
9,KLRTDIKVV,HTCEEEEEC
8,LPEPIQLL,CSSCCCCC
10,KSKFDNLYGC,HHTTHHHHHH
9,LDNFINRPV,HBTTTTSEE
5,GHPSF,CCCSC
4,ALGF,HTTC
5,LTNKC,HHSCS
9,PVVVPYSDG,CCEEEEEEE
9,DRARYNAYL,HHHHHHHHH
9,LKELGVRPM,HHHHTCCCG
6,LPEEKG,CCCCCC
12,RLLEELGQVEKA,CSSSCSCSTHHH
6,FSRLNL,ECCCCB
12,GPAPFYPLEDGT,CCCCSSCCCSSC
10,CIREDLNENA,HHHHHHHHHS
14,PESFDRDKTIALIM,CCCCCTTTSEEEEE
5,LYDRL,EECCS
10,FIVDRLKSLI,EECCGGGCCE
6,THQEVP,CCCCCC
8,DTGAPISV,EEEEECEE
7,TNLERKL,EEBCTTH
7,CVLPTRS,CSHHHHH
5,NIAFY,HHHHH
10,CGGGWKLEGE,CCCSBCBCBC
6,PGCVDA,CCCSCH
7,VSVYQPP,EEECBCC
7,TDGVRQV,CSEEEEE
11,AQYPFEDHNPP,EEEEECTTSCC
11,YDKYGRKTLPW,HHHHCCCCSGG
11,GLKRRGFSREA,HHHHHTCCHHH
10,LPGVGRSTAG,STTCCHHHHH
4,PDKC,SCEE
13,LLKNHLDYRPVAL,HHHHTCCCCCCEE
6,IEEAAA,HHHHHH
8,LWSLSEQV,HHHHHHHH
5,LVTWD,CCCEE
10,ASENFASRAV,TTCCCCCHHH
11,RGRWMARLARM,HHHHHHHHHHT
8,FKVYQHQV,HHHHHHHH
12,YTAQIRTISGVY,CCCCCCCCCSSH
9,MPGSVIADC,CCCCHHHHH
7,FHKGRQL,CCTTTCC
9,AMPLSAFLF,CEEHHHHHH
12,AIRGQDLDEARA,EEEGGGCCHHHH
7,TEYNDRS,SSCCGGG
19,AVSREDSQRPGAHLTVKKI,CCCTTGGGSTTTTCCCSEE
7,CNKVIDL,HHHHHHH
9,AEKLFNQDV,HHHHHHHHH
9,EKEILIEAI,HHHHHHHHH
7,VPKRVYW,CCBCCCG
7,SELRHKL,HHHHHHC
10,MGPVIDRFEL,CCSBCSCSSC
8,AEVVGNPV,CEECCCCC
20,WRPDSQVHPPMFSSSELYNW,EEECSSCCCBSSCSSCCEEE
13,ARAASIPDATERV,HHHTCCTTHHHHH
10,LQYVKRFYDA,HHHHHHHHHH
7,TFDKTRP,HHHHHHH
17,SETVSERLPGQTSGNAF,CCCBCCCCCHHHHHHHH
10,NGACWTSKRC,SSSCSSCCBC
14,IAQKPGALRILNHS,TTTSCSSHHHHHHH
12,CQGGPCRADIKC,CCBSSCSSCCBC
8,YLLDLPNP,HHHHSSSC
10,SGACSTDKPC,BSSCSSCCBC
11,SCMRTIEDLMF,HHHHHHHHHHT
9,RIPFLFKGM,HHHHHHHHH
15,PLRGCIDDRIPTDPT,CCCCCCSSSSCCSCC
11,TKENPRPLENL,EEECCCCHHHH
9,YSPLGSPDR,ESTTCCTTS
6,VLIRFH,HHHHHH
6,IQVFDF,HCCSSC
9,AGEEYRRGW,TTTHHHHCC
6,ATGARW,CCCEEE
8,GRHSECTL,CEEECCHH
8,TDRARLSI,TCCCCCCC
6,FTRNIL,EEEEEE
4,VGGQ,ESCC
8,LGQHLQVP,HHHHHTCB
26,LKAMDKAGQLVFLALEGDHLQLSEEW,HHHHHHTTCEEEEEESSSTTCCCHHH
10,LLPSFSQQAM,HGGGGSTTTH
9,LEYYTPEEL,CCCCCHHHH
16,CGFNYRFNSFYRDQPH,HHHSCCCCGGGCSSCC
6,GLEKRD,CCCHHH
14,YEHHNVDDVEQFIS,CTTTSSSSHHHHHH
5,IAGHE,HHHHH
7,NLILVDL,HHHHHCH
8,LWPTAPAF,HSCSSCEE
15,LHRDKTIWGDDVEEF,HTTCHHHHCSCTTSC
8,SEFEDPLV,HTSSCHHH
5,RWGSL,GEEEH
4,IVEA,EEEC
12,VAENANWSAQEI,CCSSCCCCHHHH
11,FSSQKGSVGYA,HHTSCCCCCCC
5,SNDYL,CCCTT
7,REKLAAL,HHHHHHH
5,AIIRG,CEEEC
18,FLSFSIDNQVAEKYAQEI,GTCCCCCHHHHHHHHHHH
9,DFNLLQMLH,HHHHHHHHH
9,TLQAAASKI,HHHHHHHHH
9,GLEALKQTL,HHHHHHHTH
6,FLAITT,HHHHHH
7,GAETAEF,CTTSGGG
18,ALGLHLTDPSQRLVQNCL,HHGGGTTCSCHHHHHHHH
11,AVRLHYGLPVV,HHHHTTHHHHH
6,NTIYNA,SSCCBC
7,LREQGAI,HHHHTHH
5,TNNPN,BCCCC
25,TVCGCRKNQYRHYWSENLFQCFNCS,CEEECCTTEEEEEEETTEEEEEECC
7,VQFADRV,HHHHHHH
8,FIKGTAKL,CCCHHHHH
13,TMQQAPIVLTPAA,HHHHHHHHTSCGG
7,PSRIEQM,HHHHHHH
6,NFTAMT,GEEECC
6,SDPVHL,CCCEEE
7,FDELELV,CCHHHHH
5,IKRTV,HHHEE
9,LVDDFQFIF,HHHHHHHHH
13,IATMLDIPQKLEG,EECSSCCGGGCSS
13,IPLSKPIPGNGPF,SCCCCCCSSSSCS
7,TLVPTEM,CSCCBCC
16,VKMVRVQAIEKNRYRA,HHHHHHHHHHHTCHHH
9,LRDELEVVL,HHHHHHHHH
11,EAAKLVNPEEL,TTTTSCCHHHH
9,YRSCINESA,HHHHHCHHH
9,LQALTTSDF,CCCCCHHHH
14,LYGTTSETATWRRC,HHCCSSCCCHHHHH
5,VSLTC,EEEEE
8,LYFSQVQV,EEEEEEEC
13,GYPDDIVSNDNKL,ESCTHHHHCHHHH
4,LTFP,ECCC
5,FEIKA,EEEEE
10,LREKVDKDEW,TTSBCCTTCC
6,VRLLIR,EEEEEE
6,LKEDEI,CCCCCC
9,ILGLKIIDL,HHTCCCCCG
3,IKV,EEE
3,VAT,EEE
12,ASSYTAPQPGLG,CSCCCCCCTTSC
22,GKHIIQGPMYDVSGTAPVNVTN,SCCEEESCCEECSSSSCEEHHH
13,YRIGDPPFSQDEC,EEECSCSSCTTHH
6,GHLPLM,CBCCCC
6,IHRSPG,EEECSE
19,LTAGVPGHEVDDIDHLGNR,HHHSSCCCCCCSTTCTTSE
9,LEAALREFF,SSTHHHHHH
8,FPGLNGMD,CCCSTTCC
15,GFDVRDVHRTHYGRI,CSSCTTTTSCCSCCS
9,QVFSLNTNL,GGSBTTTTT
15,FPEDYITDRSQRFMA,SCTTCCSCCSHHHHH
17,LEEKVAVLKARAFNEVD,HHHHHHHHHHHHSCHHH
39,TKLPEAQQRVGGCFLNLMPQMKTLYLTYCANHPSAVNVL,HTTTCTTCCHHHHHHHHHHHHHHHHHHHHHHHHHHHHHH
6,IPHGEA,EEECSC
18,TTGLSKPFMRLDKYPTLL,HHHTTGGGTGGGTHHHHH
7,LNEKAVS,HHHHHHH
14,QDXHQKLSFGPRYG,CCXCTTTCCCCCCC
8,IRFETEET,CCCCCHHH
10,FAEERKTHNL,HHHHHHHCCT
10,LRDRNDIQRL,HHHHHHHHHH
12,VISLQLTAEKRV,HHHHHHHHHHCE
11,TPPQTGLDVPY,CCCCCCTTCCE
11,DLSYADRYPNH,CCCCGGGSGGG
8,YHVPYEAS,CCCCGGGT
18,PGTVRGGDYRFAIGSAGS,CCCCCCSEEECCCCSSCB
14,DEIIDYYKKIYGDI,HHHHHHHHHHHSCC
19,VSPVASFNTLQLGERGNIV,EECCCSCCCCBCCBCCSBC
10,VKEVKRYLAS,HHHHHHHHTS
8,LERIRLFN,CCSGGGCC
10,IITAKDEEGL,EECTTSHHHH
5,HLMGV,EECCH
12,YLQRLEEAAKRD,HHHHHHHHHTTC
7,LSVGPLL,ECCHHHH
6,AGFFPT,TTCCCT
19,ARTIRKRFSDGDIQNLLEM,TEEEEESSCHHHHHHHHHH
8,MILLESRL,HHHHHHBH
14,YTRLPERSELPAEI,ECSCCCTTTSCSSC
5,PEIRT,CCCBB
8,FSVGVNVM,CCHHHHHH
7,CDVDLPA,CCCCCCS
12,ITHKASSRMTFA,EEEEECSTHHHH
8,ALNEYVFF,HCCHHHHH
10,PKRLPHREQQ,CSCCTTCHHH
9,FSPYTKDQI,CCCCBHHHH
10,SKRSFKEGAI,HHCCCCCCCC
8,SKEVLFGI,HHHHSCCC
4,PMIP,ECBS
5,MFSDL,HHSSC
5,VVYRA,EEEEE
6,PNIATG,CCEEEH
6,SKDRMV,ECCCEE
7,ERRRTAM,EEEEEEE
10,DRKFDELVQT,HHHHHHHHHH
4,MIGP,EECS
8,MEKEISYF,HHHHHHHH
10,ARNVEERLCL,HHHHCTTHHH
4,VSDH,ESSH
9,QGATDLMGT,STTHHHHHH
11,PVKMFDRHSSL,CCCCEECCGGG
5,LMHGV,HEEEE
15,RNNLAGAEELFARKF,HHTCSSCHHHHHHHH
12,LLDQGQLNKYES,HHHHSCBCSHHH
10,AYQTELGQML,HHHHHHHHHH
11,VGIDSKEEHEN,TTCCCHHHHHH
8,FQQYEESS,HHHHHHHH
8,YTVPLDKA,CCCCTTCC
7,AVTDYTA,HHHHHTT
19,IFGTLVEFYANKNPDWEIG,HHHHHHHHHHTSSCCSEES
9,AAQVAYQMW,HHHHHHHHH
24,LRASVSAIQQTTKQIYDDQSLVNV,HHHHHHHHHHHHHHHHHHSSSHHH
11,YGTERQPRTHY,EEETTEEESEE
10,GLFQGDTFRI,GSCCTTTCCC
7,ATATAAW,HHHHHHH
5,VPSHA,EECCE
11,WSSLLRNWNSL,GGGHHHHHHHH
8,VPPRIDSG,CCTTCCHH
8,SRPSESEG,CCCCSCCC
16,AKLKQKTEQLQDRIAG,HHHHHHHHHHHHHHHH
12,FLETLPVREFIN,GGGGCCHHHHHH
10,AETILKAVRR,HHHHHHHHHC
12,AYVVSADEREGG,HHHHHHCTTCSS
14,PRDLKGMAAVRFDH,CSCCCTTCCCEEEE
16,VQQKYKVSDTAATVTG,CCCCCEEEEEECCCCS
7,QVANADL,EEEGGGC
18,FKAQPDLAEAAATTTENP,TTTSCCCCCCCCSCCSSH
10,VISSDMYTAL,SSCGGGSCCG
17,IQDDHSVEVASLKKNVS,CCCCCHHHHHHTTSSSC
18,WSLPSGYCEGFGSENNII,EECCSCCEECTTCCEEEE
12,AENSSLDWKAQY,HHTSSSCGGGGT
11,VKGQEAYMKSL,HHHHHHHHHHH
10,QNDERDRVYF,HHHHHHHHTH
5,EDSGF,EEEEE
6,LMPYEL,HCCCCC
6,MPLLRN,ECCCBC
10,INEVVLLDAP,GGGCEECCCC
3,FKT,EEE
6,MNGKYI,HHHHHH
9,VIYHLGQYI,HHHHHHHHH
7,ARYLFTE,TGGGTCS
10,KSQISHRKKA,HTTTCHHHHH
9,VIDSYDLYN,EEEEEEEEC
58,CYGKKYGPKGKGKGMGAGTLSTDKGESLGIKYEEGQSHRPTNPNASRMAQKVGGSDGC,HHHHHHCCCCCCCCCCCCCCCCCCCCCCCCCCCCCCCCCCCCCCCCCCCCCCCCCEEC
10,LRRNQLAPDL,HHTTCSCHHH
7,AIGFYHE,HHTBCCG
11,TLRKRKMYEEF,HHHHHHHHHHH
3,MDN,HTC
8,WGRVMGKT,TTTCCCCE
12,LNLKGSFAGAMG,TTCEECTTCCBT
14,FKAHGWVKGDQVAV,HHHTTCCTTCCSEE
6,LPNFYT,CHHHHH
14,FWETSGLNILETLA,HHHHCCGGGHHHHH
10,IAVRDERWTL,HHHHHHHHHH
7,AFAAFRA,EEECCCC
7,TDAISSD,HHHHHHH
11,RKKHADTAAKL,CCCSSSHHHHH
11,SGNLDKQTGKG,CSCTTCCCTTC
13,LGFSAGPALCTML,HTCTTHHHHHHHH
6,VLHTSL,HHHHHH
29,CAALGGPNAWTGRNLKEVHANMGVSNAQF,HHHTTCSSCCCSCCHHHHHTTSCCCHHHH
8,YRPAKLAL,EECCCSSS
6,IRAHGD,TTCCCS
9,LSRFFHAEL,HHHHHHHHH
10,LTGIKGAFRT,HHSSCCCTTC
7,LARVLFL,HHHHHHH
21,TEEPGAPLTTPPTLHGNQARA,TSCTTSCSCCCCCCCTTSCCH
9,LLTPMSIIA,TTHHHHHHH
6,MPGAVP,GGGGCH
7,YAADSRL,EECCEEE
10,VKDEKLFGVG,CCCTTTSCSE
18,VVDEREVTTRKSFPTLPH,EEEGGGCCSCCCCCCCSS
11,PSLPERIDNVL,CCCCSEEESSC
9,VPVYSPNAI,CCCSCHHHH
7,AFYTTHA,TTCCHHH
22,DVHNFSIKDVGTIITNKTGVSP,HHHHHHCCCTTCEEEESSCCCS
14,QEIISESKPGYGTW,EEEEECCBCCCSCE
4,ELGG,ECCC
7,LANGQSP,HHTCCCC
7,LSVKADF,EEEECCC
5,SISPV,CCCCT
8,LQDKWVIA,EEEHHHHE
10,FSNLAHTQTP,HHHHTTCCCC
7,VYHEATV,EECGGGT
8,GAGAAVTA,CCCHHHHH
4,YTST,EEBC
5,ILAEP,ECBCC
6,SLDRQL,HHHHHH
12,VAKKYDDAFPKL,HHHHTGGGSCCC
14,LLDAMWNNYSDSKG,HHHHHHHHHEETTE
18,NFETRGKRGQDAMYEYMA,ESGGGCCSTTHHHHHHHG
8,NRPAYSPG,HSCCCCTT
8,YTPGETSA,ECTTEEEE
6,KHQGKD,EECCCH
8,AGNAIERS,CCCGGGGH
4,LEGS,EEST
11,MTELYQSLADL,HHHHHHHGGGG
7,LNRLDRL,TCCGGGT
7,FNPQFLA,ECHHHHH
13,IISLCKAHLEDKY,HHHTSSSCHHHHH
8,GDWGKQFG,BCCSHHHH
13,FREFSIEKYIDTY,HHHHHHHHHHHHH
25,FGMVQGMSTRKGTVVFLDNILEETK,CCCEESCCCSTTSSCCCHHHHHHHH
5,IIAQI,EEEEE
6,GPNGLL,EEECSE
10,LKIIEQLPSA,HHHHHHSGGG
6,CPPYAP,CCCCCT
15,WQYTAATATPTIGHV,EEEECCCCSCEEEEE
13,FADLLKNYAGRPT,HHHHHHHTTCCSC
7,GAHKTNQ,SBTHHHH
5,FQRMI,TTTHH
10,LYFPQPTNTL,CCSCCSCCCC
5,EKLES,TTCHH
17,GNVPELPDTTEHSRTDL,TCCCSCCCCCCCCCCCC
12,FNNKQERTLFKE,ESSHHHHHHHHH
15,LVEWLKDPSQELEFI,HHHHHTCCTTHHHHH
29,LHGDLFXXXXXXXXXXXXXXXXXDAEQEA,SCSSCCXXXXXXXXXXXXXXXXXCHHHHH
12,MIKLVPHNESAW,HHHHSTTCHHHH
14,GTAEERYQAICQRS,CCHHHHHHHHHHHH
9,FEAEKNQQV,EECCSSCEE
4,AQYP,CBSC
13,AMNFERAAELTAV,HHHHHHHHHHTTS
12,LGNVAGDSTDYR,HHHHHHHCHHHH
9,ITAGNTEQI,HHTSCHHHH
7,FTYRITA,HHTTCCB
9,LAPPPEQYA,CCCCCHHHH
12,LALFQGDNWQAR,HHTTSSHHHHHH
13,LVMKGRRMAVTTM,HHHHHHHHHHHHH
6,VATDRI,EECSCC
14,VRNHLVDIAPGKTI,CEECBCCCCTTCCG
17,CLGEGSGRITCTSRNRC,ECCCSSCCEEEECSSSC
10,SLLVHKHKLI,EEEEECCEEC
7,IMTTRNT,EECEECC
11,LLALDREVQEL,HHHHHHHHHHH
8,LREKEARL,HHHHHHHH
11,IARGEISLDDA,HHHTSCCTTSB
16,WNYSIESMFGQKESPA,EEEEEEESSSCCCCSC
9,SIGLFGALA,HHHHHHHHH
11,VLHIPIDFKLD,EEEECCCSCCE
12,IPVPTRDLEKPF,SCCCCCCTTSCC
9,PGSIQPHQK,TTSCCCEEE
9,FIVNRLLVP,TTHHHHHTT
10,TDRIERVFPI,EEEEEECCCC
8,LSEAWPEE,GGGTSCCC
10,AGSPKPPEAI,ECCCCCCCCE
31,GYETIPLALPAFFPAPDNRGVEAPYRKEQRL,CGGGSCCCCCCCCCCGGGTTTTHHHHHHHHH
12,LPDKPLAFQDPS,CCCCCCCCCCCC
12,AAEQVYKIVKVP,TTCCSCCCCSSC
8,QGYIEAVQ,HHHHHHSS
7,KVDMRHL,HHHHHHH
12,FWKAVLNDSPEA,HHHHHHHHSCHH
7,SLKLVLE,BHHHHHH
5,WAGTA,EEECC
10,FINKRIVERV,CCSSCSEEEE
8,AEDPVAVI,SCCHHHHH
5,VLEDP,HHSCS
7,KSPLNYK,SCCCCBC
8,VEEHRRST,HHHTCCCS
25,PPEATQNVAESTHNLTRNFPADLFN,CCCCBCSSSCBCCCCCEECCCCCCC
4,GSLV,CCTT
14,EAQPTHFPFSTEAN,ECCCCCSTTCCSCC
6,GANIVG,HHHHHH
4,AQVT,CCCC
7,REDRQPV,CGGGSTT
5,SHWPA,CCCTT
4,AGQG,HHHH
11,VSERCELGEQR,HHHHHHHHHCC
7,TGEQGLG,CGGGCSC
13,TVIDALLWVRDQV,HHHHHHHHHHHHC
8,NPYGDGQA,CTTCCSCH
7,NTIGNEF,CEEECSS
9,GKAQLEVKI,HHHHTTSEE
11,LLWFLQGDTNI,HHHHHHTCCBT
10,PVGAGLKVID,CCTTSEEEEE
13,TPDGRHIDQITTV,CTTSCEECHHHHH
13,WRASGKQDPLAYL,HHHTTCSCHHHHH
3,LLK,HHC
22,VAWRLMGNDVTDEQAKWRDDAI,HHHTSCSTTCCHHHHHHHHHHH
4,DPVG,CHHH
8,YELKIDKA,CCCCCCCC
10,GLIEDFETDI,EECCCTTCCE
6,ERFPLA,HHSCCT
4,EHVE,ECGG
15,LEEVPSVGVNKNIFL,ECCCCCCCCCTTHHH
6,PQVGEK,CCCCEE
7,MPIVEAA,HHHHHHH
5,LLRLG,HHHCC
6,YYHRDW,CCCCGG
8,VSKGYEKA,HHTCEEEE
14,HYANFKNMTPLPAM,HHHHHHHSCCCGGG
4,GIAQ,HHHC
7,LFRIDHY,EEECCGG
19,DVVFTDEMAHFDRERIPER,CHHHHHHHHHHTTCCCCCC
18,VRTFYLKVLNEEQRKRLC,HHHHHHTTSCHHHHHHHH
5,LKRIS,EEECC
6,EVASAV,HHHHHH
7,CCHLKNI,CBCSCCT
13,LHTDQERDYFMQR,HHHHHHHHHTCSS
3,FPP,CCC
4,RVLI,HHBC
7,LQLLEPF,BCCCCCC
12,HTTDVPDKYWKL,CSCSSCHHHHHH
16,VTNSVSSKLQPYFQTL,HHHHHHHHHHHHHTCS
10,PLPAQESEEC,CCCCCSSGGG
11,YQEAGVLKMTL,HHHTTCSEEEE
7,VSASTPP,EEESSCC
5,RLRIG,EEEEE
5,MHTTG,EECCE
10,LVLPRVNEKL,HHHHHHHHHH
5,SSQTP,ECCCC
5,PLETT,BCSCE
8,VRHKLKRV,TTTTTTSE
4,LWSP,EECC
4,GYRC,CCGG
7,TQPLPAA,EEECCTT
5,LKAEW,HHHHH
26,VQTPGHANQSMMPQFIMPANNQFSAQ,EEETTEEEEECCCSSCCSSCCHHHHH
12,LYNHCVEHGSYV,HHHHHBCTTTCC
11,GGLATVELTEF,TTCEEEEEEEE
6,GEEGMQ,HHHHHH
7,VGSVQVS,HHHHHHH
7,LANTVRY,HHHHHHH
10,AWALDVLAKR,HHHHHHHHHH
7,LSPDEAP,ECCCCCC
4,LQCA,EECT
6,QQNDYK,HHSSSC
6,GHEYTI,SBCCHH
11,WSVHIAMHPQV,BEECCCSCSEE
11,APAIQELPVQS,SCCCCBCCCEE
9,ALEQSCAQV,EEEECCCEE
8,PELKQKSS,CCCSCCCC
11,FLMKLINRPII,EEEEECSCSSB
10,LERVYQSEQA,HHHHHHHHHH
4,DGIP,SSSC
7,LTKYKSS,CCCBCCC
5,VMMAA,EEECH
10,IAVGADESVV,CEEECCHHHH
7,LPSPDVH,ECCHHHH
8,PTMFFGQT,BHHHHSSB
8,TEVTDVVL,EEECCCEE
8,PLKVFKQA,HHHHHHHH
11,IDGINVHSARK,ETTEEHHHHHH
7,TQTLNEK,HHHHHHH
4,GIGR,HHCC
8,ISGWVAML,HHHHHHHH
9,IVDSVEAYA,EECSSHHHH
8,LMKIANDV,HHHHHHHH
13,LKTSDSPTQRIGG,GCCTTCGGGGGCC
8,VPDRQLLA,CGGGCSSC
6,GFFVNP,GCBCCH
23,IPENEPGSSIMPGKVNPTQCEAL,CCCCSCCCTTCTTCCCCHHHHHH
15,EESFGTGSDHIREKD,ETTTEEEETTSSSCC
8,MESFNKHC,HHHHHHHT
4,AIDG,EECS
5,VEDIL,HHHHH
8,VNPERRRC,CCTTCEEE
6,NLVKIM,HHHHHH
15,ICELLPEAAINDVYL,HHHHSGGGTSSTTTH
9,AVQKTTLVI,HHHHHHHHH
15,FLGIGLKNYAEYQVC,HHHHHHHHCSSHHHH
6,AVKELF,HHHHHH
5,IYLGT,EEEEE
7,FNDYLSA,CSSCCEE
9,FTRLKTKET,EEECTTSSS
6,DGTFYL,HCCCCG
9,FQPMSRQVV,EEEEEEEEE
19,VPYPLIGKTAVDSITQKKF,CCCCCSGGGCCCEEEEEEE
6,LFEVFD,EEECEE
7,AGLDSSQ,SCCGGGH
11,MPKRYDQDPAN,ECCCGGGCGGG
6,LKGFDF,EESCCC
4,FEGV,SCCC
8,LKRFFRAD,TTBEEEEC
8,VLPPNTTQ,EECTTCCH
34,AQAERQRILERTNEGRQEAMAKGVVFGRKRKIDR,HHHHHHHHHHHHHHHHHHHHHHTCCCSSCCCSCH
18,YAQDQSVALSNKCFIKCA,HHHTTCHHHHHHHHHHHH
25,TQDFWEVQLGIPHPAGLKKKKSVTV,BCCCSCSCCSCCCGGGCCCCSEEEE
10,IFQSSMTKIL,HHHHHHHHHH
12,TPDKKHQKEPPF,CCCGGGCCCSSE
16,LKEPVHGVYYDPSKDL,TTSCCEECCCCTTSCC
7,VKLWYQL,CCCCCCC
12,CLELKPDNQTAL,HHHHCTTCHHHH
9,LSGEYDKAV,HHTCHHHHH
3,SRY,HHH
3,RDP,CCH
9,VLFGPEPEF,EEEEEECEE
4,GSGM,CCCC
20,YVEFEGEQGVDEGGVSKEFF,CEEETTCCCCCSSHHHHHHH
6,ALKEAL,HHHHHH
12,SHPVLYQSLKDL,HSHHHHHHHHHH
21,GECLKCIYNTAGFYCDRCKEG,CCBCCBCTTEETTTTCEECTT
10,FVNLYSDYIL,HHHHHHHHHH
14,ITLCDFIVPWDTLS,CCTTSCEEEGGGSC
7,ICGSRNL,HHCBCCC
11,RGVLKVFLENV,HHHHHHHHHHH
26,IVVLNRAETPLPLDPTGKVKAELDTR,EEEEECCCSSCSSCTTSSSCCCHHHH
12,LHSVYNFCDKPW,HHHHHHTTSHHH
21,LDEAYPGKKLLPDDPYEKACQ,HHHHSCSSCSSCSSHHHHHHH
7,LINQTFY,BCCCEEE
9,AKSVEAQTF,HHCCCHHHH
11,TEPFIDAKYDV,EEECCCEEEEE
8,CMRMRMIK,HHHHHTSC
7,GVLFASG,HHHHHHH
7,MELAQRN,HHHHHHH
7,LYDYPKY,HTCSCEE
14,LEPRVFREVTVKGI,CCCEEEEECCCTTC
5,AKACQ,SCCCH
10,MFEGIARYFT,HHHHHHHHHH
16,PGFETYLGNFRVIKRM,CCSCCCHHHHHHHHHH
12,AGGTTQEEMKDA,CCCBCHHHHHHG
16,VPKLNIPMGLDWTDEF,CCCCCCSCHHHHHHHH
9,IQEKSHPNF,EEECCCSSE
9,IKIGLFADI,HHHHHHHHH
10,IVIIGLYEKP,EEEECSSCCC
16,IPQGRSHPVQPYPGAF,CCCCCCCCCCCCCCCC
17,TARKGKGAFCNGQKLQV,EEETTSCEEETTEECCC
14,VFNQRKEHKGYMLA,HHHHHHHHHHHHHH
25,ASSTSPVEISEWLDQKLTKSDRPEL,CCCCCCCCSCCCCCCCCCCCCSCCG
11,AQRTEVAGMTA,HHHHHHHHHHH
6,TQPDVP,ECCCCC
9,ALQWIERKV,HHHHHHHHH
8,IDRGFREM,HHHHHHHH
10,FEKEFRQLNY,HHHHHHTSCH
19,GNGGWNQFQFLFFDPNGYL,ECSCGGGCSEEEECTTSCE
7,MDYTVLL,BCHHHHH
12,ATEVGSGGWSGF,SEEEECSSGGGE
6,VPTGGC,ECCCCC
14,LDVLLEHFVKITEH,HHHHHHHHHHHHCC
10,AAAEKNVPLY,HHHHHTSCHH
15,EGELRAEVAANIKRL,HHHHHHHHHHHHHHG
10,LTAGEPDFDT,CCCSSCSSCC
11,AREAYRRRRDL,HHHHHHHHHHH
7,PDYKYSA,CSSSEEE
11,LGALGCSANPI,ECCCCGGGCSC
7,LRTYGVN,HHHHHHH
12,WGLEYQAPYSSP,GSCTTCCTTCCC
12,FTREELPNGEER,EEEEECTTSCEE
6,KLDQVT,HHHHHH
14,AGFAYTYATMYDKG,BTTTBCTTSCGGGS
7,VLEPQLV,ECCCEEE
7,VWEESPL,GGGCCCC
9,AIELNPSNA,HHHHSTTCH
50,VSGITGMVDPSRINVANLAEEGLGNIRANSFGYDSAAIKLRIHKLSKTLD,EEEEESCCCGGGEEEEEECCTTCCSCCCCCCSSSEEEEEECCTTTCSSSC
17,NHKDCRGAEIPFVPDIA,SGGGCCSEECCCBSSCC
10,YFKGNWQQKF,EEEEEBSSCC
9,PRFKLEESY,ECEEEEEEE
5,PRNEF,CBCCS
20,TVHFESFGATNTNARENTPF,CEEEECCCCCCCCCSCCCCE
8,LGNLLERN,GSCHHHHH
6,INWVDY,CCEEEE
8,AADISSKS,HHHHHHSC
7,LEQEYKS,HHHHHHH
7,STAEGVL,HHHHHHC
4,KHVI,CHHH
11,YLRKKGFKRIL,HHHHTTCCCEE
9,IIHARLREI,HHHHHHHHC
11,GCYANSDRPSI,CCSTTSSSCCC
7,LPDAHFN,CTTCEEE
7,AKQDAYW,HHHHHTT
9,ATLNRSLLK,CCCCGGGEE
8,RQSLFFYP,CCEEEECC
11,KAQLDAAVTFG,HHHHHHHCCCC
10,NYVEDIDATF,HCCTTSCTTE
5,AATPV,EEEEE
14,VSCHQSETKERREC,HHHHHHHHHHSHHH
9,GYLITPAWL,SCCBCSTTH
7,SWDLAKV,GGGSSCC
8,NKQNIWQA,HHTTCCCE
13,TVLAEATVAPVSP,HHHHCCCCCCCCG
27,LEFGSLLHEFGLLESPKALEEAPWPPP,TTCCSTTCCSCCCCCCSCCEEECSSCC
16,LSLEVAEEIARLEAEV,HHHHHHHHHHHHHHHH
33,TCHHRSPLSLTPPKCGSCHTKEIDAADPGRPNL,GTSCSSCCCSSCCCHHHHSCSSCCTTSTTSCCH
17,LQYRELTKLKSTYIDPL,HTHHHHSCSBTTBCCCT
5,AAGFF,CBCCC
19,ALVFYREYIGRLKQIKFKF,HHHHHHHHHHHHHTHHHHH
24,IIIXXXXXXXXXXXELKPEQVEQL,CCCXXXXXXXXXXXCCCHHHHHHH
13,LNVLRIINEPTAA,CEEEEEEEHHHHH
14,STAGDTHLGGEDFD,EEEEETTCSHHHHH
9,LNADLFRGT,HHHHHHHHT
6,PDEAVA,TTTHHH
5,VLVPP,EEBCC
26,IIPYYGQKHQSDITDIVSSLQLQFES,EECCSCSCSCCCHHHHHHHHHHHHHC
43,GRMANFDGMDMSHKMALSSTNEIETNEGLAGTSLDVMDLSRVL,SSTTCSSSCCCCCCCSSCTTCCCCCCTTTTSCSSCTTSHHHHH
4,AESR,HTTC
8,DLRDIGDL,ECTTCGGG
18,ARNIKEGRVFLREQATKW,HHHHHTTCSSEEEEEEEE
9,IPVPPTGHG,EECCCTTCE
11,KKYEQGFITDP,HTTTTTCCSCC
15,IARTDLKKNRDYPLA,ECCTTSCCCSCCTTC
12,KYFHSRPRDSQI,CCGGGSCHHHHH
8,VPLPSFWG,CCCCTTEE
7,AFEAKMA,EEEEEEE
5,EIXSG,CCXCC
7,TTGVAGG,EEEEEEE
57,KRSVKNPYPISFLLSDLINRRTQRVDGQPMIGMSSQVEEVRVYEDTEELPGDPDMIR,EEEECCSSCSCSSSCCCSSCCCCCCCSSCCSGGGCCCCCCCCCCSCCSCCSCTTCEE
7,WWGPLLS,CCCCEEC
8,YPWEKVPM,SCGGGSCC
32,VAETLKDNTQSKLTVKGNLDTYGFCDDVWTFI,HHHHHHHSCCCCEEEEEEEEEEEEETTEEEEE
8,SRQPVFPL,HHCCCCCC
6,FQASIS,ECSSCC
10,DSKAPNASNL,CTTSTTSCCC
8,VDNTSDLP,SSCCCSGG
10,APILYENDHF,CCCCCCCCHH
12,PAAAFARECRGF,CSSCCCCCCEEE
4,GGMP,BCCC
6,FITPII,CCCCSE
19,KVNKLRNDPVAGGGLPKYG,HHHHHHHSHHHHTHHHHHC
22,SHKFTWKQKYYKGLGTSLAQEV,TTTSCEEECCCCCCSTTHHHHH
8,TSHYLKLL,HHHHHHHH
9,LILFQDLTA,HHHHHHHHH
30,EPXXXXXXXXXXXXXXXFINKELILFSLAD,CCXXXXXXXXXXXXXXXCCTHHHHHHHHHH
14,YKLPAVTTMKVRPA,CCCCCCSSCEEECB
10,LSNHKGGNFG,HHSCCCCCCE
9,FNLKAGLDP,HHHHHTCCH
6,VKRMLH,HHHHHH
8,NKLTRKIF,CTTHHHHS
12,GKLIGDPSFGLP,HHHHTCTTCCCC
10,FAKVLELDNV,HHHTSCHHHH
20,MHPWFRGWTGTIEEIEPLRY,CCBCCTTCCSEEEEEETTEE
8,RDYTDSDW,CCCCCHHH
8,LWNNIKKW,HHHHHHHH
9,SWRVRYMVA,SHHHHHHHH
5,LISPI,CEEEE
10,TRVPQPLIAG,ESSCCSEEEE
8,FLRELPEP,HHHHSSSC
13,LSQSLLPAIVELA,HHHHHHHHHHHHH
11,RKDHMSERLQW,HHHHHHHHHHH
8,KETELENL,HHHHHHHH
6,LLVFGL,EEEEEE
4,IWGA,EEEE
4,FWMD,EEEE
12,ARKLLSPEVAND,HHHTSCHHHHSC
28,ILNKEKKAVSPLLLTTTNSSEGLSMGNY,HHHSCCSSCSSSCTTSSCCSSCSSTTCS
10,FFALLNDPRG,HHHHHCCTTT
8,LTTNLTAF,HCCCCCCT
10,AVTYKKEEDL,HHHTCSSSCS
11,LGPRYVDYVLG,CCGGGCCEEEE
10,LNFHLIVHNP,TTTCCCCCCS
7,VKKYEPP,HHTCCCC
11,STLFRGLEIIL,ECCCCCHHHHH
6,VGVHIP,HTCCCC
9,HLHALDFVD,HTTGGGTCC
9,IATAHYLEA,HHHHHHHHH
15,YIPDLLVVAAAYKDW,HHHHHHHHHHHTGGG
6,ARGIET,HHHHHH
7,TLGFNRI,HHTHHHH
13,ICAPWEMPKQAEG,CBCCCCCCSSEEE
12,GKQWLDDQFERV,HHHHHHHHHHHH
4,TRNV,EECS
4,YPRL,CCCC
5,FQLVV,EEEEC
7,DQIQKRL,HHHHHHH
9,LYAGTGANT,TGGGCTTSS
8,AHPNDKGR,SCBCHHHH
11,AKIYAELVGFG,CCCCEEEEEEE
7,SSTKSMT,ECTHHHH
11,NVDAGERAKQA,HHHTTCCCCCC
6,AYKNVV,HHHHHH
17,ICNDVLSLLEKFLIPNA,HHHHHHHHHHHTHHHHC
9,AYQEAFEIS,HHHHHHHHH
6,VLPPLY,CCCCHH
25,DYGNSPLHRFKKPGSKNFQNIFPPS,ESSCCCTTSSSSCCCCCCSCCCCCC
5,GFGQL,CTTCB
8,VRKFGVEV,HTTTTEEE
6,FNVSFT,EECCCS
11,FQKRLHPYKDF,HHHHHGGGHHH
7,IEIVGDI,CEEECHH
12,NIHHVTWHMDFP,HHHHHHHHHHSC
5,SELSL,HHHHH
6,FTGLPH,CCCCTT
9,LFVKPTDYV,HCCCHHHHH
19,TARFDFERLSNWLDPVDEL,HHHHHHHHHTTTCCCCCCC
13,AHVHDLEITESRI,BCTHHHHHHHHHH
8,YGSLHNTA,STTHHHHH
8,FFRLHKYM,HHHHHHHH
3,TFF,EEE
5,ARVHR,EEECC
10,ISLENSWSAL,HHHHHHHHHH
5,VLHVA,CCHHH
7,LSGAHWM,HHHHHHH
9,YKNTLSAQQ,HHHHHHHHH
25,DQWGVELGKQLAKKIEPELDGSSPV,CCGGGHHHHHHHHHHGGGGSSSSCC
10,LRLHTESRML,HHHHHHHHHH
12,ARIPKVGARIMS,EECCSCSSCCBC
8,AEKRQKDA,HHHHHHHH
11,IETLRPIQERY,HHHHHHHHHHH
12,LDTRLSELEKNG,HHHHHHHHHHHH
7,HIERYEI,CCEEEEE
7,LKATKDA,HHHHHHH
15,VYRRLKDKPDGKLIL,HHHHHTTSCCCEEEE
5,VAQKR,EECBC
7,GPSHVKL,SCCHHHH
13,MVEDKMHARSTGP,CGGGSCCCCSSCC
7,TYKEPDN,EECCCCS
8,ADYVVTEA,CSEEEEEB
5,RDTDF,BCCCE
8,ITGAIMTM,CSSTTCCS
7,YPLKEAF,SCCCCCE
5,QDAVA,HHHHH
13,PEEKKTTFYTLGG,TTCCCCCCSCSCG
23,AAKRGIPQYNPDIGTPLGQRVLM,HHHHTSCCCCTTSSSCSCSSCCC
5,IRRTV,HHTEE
6,EVIHMG,CEECSS
6,QTYQPA,SCCCCC
11,FYKMLTQRAEI,HHHHHHCCHHH
21,YLLSADGNAFSLAHRRVYQDM,HHHSTTTBSBCGGGSSCCSCT
6,TSEVIM,TTEEEE
15,FNSRALTQGPWWRPE,CCTTSCCSSTTCCCE
9,PLRMRDWLK,HHHHHHHHH
8,MEQELAIF,HHHHHHHH
6,YIFPVH,GHHHHH
4,FRHL,TTCC
4,AILV,EEEE
7,VKRKTSY,HSCEEEE
7,IQHINKL,HHHHHHH
9,LSEMTSKDK,GGGGGSSCS
7,YRTLTVL,HCCCCEE
6,TTPKGT,CSCSSE
11,APAETKAEPMT,CCCCCCCCCCC
7,IKRPVKV,EEEEEEE
21,FAPAGGKADGSVDFGEGAEFC,CCCCCCCCSCCCCTTTTCSSC
20,YDADNVQHRYKPQAQPLRLI,EEGGGCCCCCCCSCCCCEEE
11,LTALLSDDSKF,HHHHCCCCCEE
9,LSNVKFIQE,TTSHHHHHH
10,AYKSLAVDIN,HHHHTTCCEE
10,QDRGYFEELI,HHTTCHHHHT
13,HDSLIPAPGDYVT,EGGGSCSTTEEEE
11,AWKEGQFKDII,TCCHHHHHHHH
10,LKEVARVESF,CCBCSEEEEE
6,LQPAKP,GCCCCC
8,LVDRNVKI,EEEESCCC
11,VKRSTNIESET,EECCTTHHHHH
4,LVRG,CCCE
8,GNLDNIML,CCGGGEEE
6,AKDPSW,CCCCSG
11,VRNVRYSLKQL,EEECSSCHHHH
16,CASFDLDAFERELLSW,HHHSCHHHHHHHHHHH
15,YPFLARDPRFKHRVY,SHHHHSCHHHHHHHH
12,KRDKLEAWARED,HHHHHHHHHHHH
5,LRHPL,HHSHH
6,HLPATI,CCSSCC
11,AYRLAEQHRQI,HHHHHHHHHHH
8,VAEMDKIN,HHHHHHHH
9,AEKLSKEEA,CCCCCHHHH
19,LTRGPRDKPTPLEELLPHA,GBCCCCSSCCCHHHHHHHH
9,IETTGTYQL,HHHHSSCCC
6,VLEVTM,CCEEEC
6,MGTEIG,BHHHHH
12,SFQKQNVTIMDH,HHHHTTCCCBCH
14,IRPRAIGGSKPRVA,CSCCCCSCCCCSSS
11,YIHGQPGILRQ,SSTTCHHHHHH
11,LPHGLGKQVRV,CSSSCSTTSCE
7,KAGRIEF,HTTEEEE
5,TLNWG,HTTHH
17,TLDFVGYPRFPAPVEFI,HHHHTTCCCCCCCHHHH
5,TSGIA,ECEEE
11,KVIVTRGRPAF,EEEEEECSCCE
8,VSKLNELP,CTTCSCCC
9,LARKHHLCG,HHHHTTCSC
15,VPFLLEPDNINGKTC,GGGTTSCSEETTEEE
15,CEFCKCRLEPMKATC,CEEEEECSSCCCSCC
9,PKPFELNTF,CCCCCCCCC
22,IGKQSPDINQGVDRADPLEQGA,EEECCSCSSSSSSCCCSTTSSC
5,FGNSV,HHHCC
4,LMPA,SSCH
14,ARHGGGAFSGKDPS,SCCBSCCCTTCCTT
14,LPLDIRGTAFQQQV,SCBCCCSCHHHHHH
9,IPSKTTYPH,CCCCCCCCH
9,LTDSGTNAM,SCSSSCCCC
8,IEHRVKQV,HHHHHHHH
5,LLGEN,HHCSC
7,KDLSEAQ,CCCCHHH
9,ARTQYSESM,CEEEEEEEE
3,AYK,EEE
3,GRT,EEE
11,IRKVIKDNATF,HHHHHHHTCEE
6,AVHNKT,CCCEEE
8,AYVVLGQF,HHHHHHHH
7,VTNTEKL,EECCCEE
11,CEALWTPAKII,CCCCCCHHHHH
14,LYRHPFPGPGLGVR,HTSCCCCTTGGGGT
18,LRAQGLLKEAEHVESQSA,HHHTTCHHHHHHHTTCBS
6,SMEGMK,HHHHHH
23,IFVGTMANRFSDSTSEIDNLALL,HHHHHTHHHHSCCCCHHHHHHHH
7,TKKSNNM,CEECSCC
16,LEPFIEASKEQGKTNG,HHHHHHTTCCCSSCCC
14,AKAFDLFKYSGKQS,EEECCHHHHHTTCC
15,TDKEINPVVKENIEW,CGGGSCHHHHHHHHH
8,SKDSSVTV,TTTCTTEE
14,LSAYERSCGIPDRM,CTTCSCCCSEEGGG
12,VVLAQSNLNLDA,HHHTCTTCCTTC
17,DKYGSGSTRAARVKSFI,HHHSCSSSHHHHHHHHH
8,VKTKAYTA,HTCSEECC
14,KKAKNAPPLRSIIC,HHHHTCCCCCEEEC
9,AGDFLEANY,HHHHHHHHG
5,AGSFF,EEESB
6,LEPEVR,CCBCSE
9,AKVDTSNEA,SCCSSSHHH
7,GQKILLA,HHHHHHH
8,REVTQLLT,EEEEEEEC
6,YDPGAF,CCGGGC
10,LIEVPIVGTT,CEECCCBTTB
11,VEGFVREGALR,HHHHHHCHHHH
10,RAAHREGVAY,HHHHHHHHHH
7,LEQNYRS,ECBCSSS
10,LEKIRQDDTS,HHHHTTCHHH
10,KEKEREVYRL,CHHHHHHHHH
9,LIPKDQYYC,EEEGGGHHH
5,AARIL,HHHHH
12,ERRTEFVPNDLE,GGTSCCCCEEEC
7,KSTFLRQ,HHHHHHH
7,FVKGTIA,EECCCBC
9,LRKMRTGKP,HHHSCCSSC
9,PLFDGIYTR,CCCSEEEEE
7,FTADPIP,EECCSSC
5,LFPVP,EECCC
9,FPSPTTEQR,CCCCCHHHH
5,PNRWI,CCEEE
10,LDEGFTAKDI,ECSSCCHHHH
5,YVASA,HHGGG
19,VPSERGLQRRRFVQNALNG,SSCCTTCCCCHHHHHHTSG
5,IQRKK,HHHTC
15,LTNILKTEEGNPEVL,HHHHHHHHHSSCSEE
19,FLEPSRLAALRRGTAGSVT,EECTTHHHHTSSCSSSSCB
5,NASCT,CCCHH
13,EKNKRSTPYIERA,HHHHHHHHHHHHH
8,RQKVTINP,CBCCCCCC
6,NETGYS,TTHHHH
9,QGDSLGGTM,HHHHHHHHH
11,KQDENIVVNKF,BSCTTCCCCSB
6,PVGKEM,EECSTT
5,EKSEI,EGGGC
22,ANHTYVPSETPAPLVSYREEEL,CSCCCCGGGSCGGGHHHHHHHH
5,AFTYT,SBCBC
4,ALEG,EEEE
15,LLAPTRIYVKSVLEL,HHCCCCCCHHHHHHH
6,PEVREV,ESCCCH
11,LQEKAVIEREF,HTTTCCEEEEE
8,PIRYDKNE,HHHSCHHH
7,IDRMMEG,HHHHHHH
51,ILTHDSSIRYLQEIYNSNNQKIVNLKEKVAQLEAQCQEPCKDTVQIHDITG,TTTGGGGTSGGGHHHHHHHHHHHHHHHHHHHHHHHSCSCCCCSCCCEEEEE
26,YLEWLENLLTYLKSDYTQNNIHPNFV,HHHHHHHHHHHHHSCCTTSCCCTHHH
28,SLTDILSGKQGRFRQNLLGKRVDYSGRS,CSTTTSSSTTCTTTTTTSCCCCTTCCCC
14,LSTTSGIITIGIDD,HHHHTTCCCCSSSS
12,FPPTEEPDGPEI,CSCCCCCSSCSE
11,GARKGGADTAL,HHTTHHHHHTH
7,VRVDPYL,EEEEEEE
4,YVNA,EEEE
10,TSSSAPLMHA,EEECCCEEEE
5,LSNLA,ECSCC
10,HMALHARNIA,HHHHTTTHHH
12,FYKPPVSPKEVA,HCCCCCSSCCEE
11,ADHTKDIRMPT,EEHHHHCCCCC
24,DNCHTRHEFSAAESRKPEACATCH,TTTSCTTTCCHHHHHSGGGTTTTS
19,ACHMEYEGEYTHNITRKTR,HHHSBSSSCBCSCCCTTCS
11,LAKYQEANAIV,HHHHHHHHHHH
7,ELKVLEM,HHHHHHH
4,CYDD,EECH
8,VDPGYAEA,EBCCHHHH
5,HRDLA,HHHHH
7,RWLVLCN,IIIIITC
6,SGKFSS,GGGGBH
8,TFNDDIQG,EEEHHHHH
8,VKERTWRS,HHHTCCCS
10,GRTLATAVMR,HHHHHHHHHH
15,LGVXXXXXXXPGTRV,HTCXXXXXXXCCEEH
11,REDCNSGLAFG,EGGGSCSSTTC
8,CSEHKYGG,GTTSTTTT
14,TLDLQNVVMKIRMV,HHHHHHHHHHHHEE
7,GIDKEKI,CCCHHHH
23,DVVKNVVESLNGSMGIESEKDKG,HHHHHHHHHTTCEEEEEEETTTE
14,PEITHTEVFHPEDE,CEEEECCCCSCTTS
13,GEELRSVNQLGHG,CCEEEEECCCCSS
9,MPNPRGYQS,EECCSCEEE
7,WGEYRTH,CCBSCCC
6,PLACGI,TTGGGG
3,LAI,HHH
12,AIQVLPKLSSSI,HHHHTTTCCHHH
15,LKANPQPELLKHKVI,HHHSCCTTTTTTCEE
9,AGDGSNQHP,EEETTSCCH
8,YFQQAGNG,HHHHHHTH
9,LNSIDQIIA,HHTCCEEEC
9,SINRDKHLA,HHHHCTTCH
8,LFACEVLY,EEHHHHHH
18,VRLYPKEVKTELTRDVLT,TTTCCSBEECCCCCEEEC
5,VDFFN,CCTTC
11,ADKQMSELSCH,CSEEECHHHHH
8,DLLDVMRA,EHHHHHHH
7,GLPSFRL,CCCCCCH
11,AKLVKTRQPRL,HHHHHHHCHHH
6,ADVYKL,CHHHHH
18,PSDNVDAQLYNGFFSDAD,CCSCGGGCGGGCCCCHHH
22,EQQRWLEHRRQVFTPEFLQGYA,HHHHHHHHHHHHSCHHHHHHHH
8,LKKEGSFE,HHHTTCSC
10,QWKRTKDDKN,TTCSSTTCCC
9,LNGTRVTDE,HHHHHHHHH
9,LRGKIVPTP,GTTCCSSCC
11,VESWYDEPKFV,CCCCTTCHHHH
6,FEKNDF,TCCCCH
8,PASELARI,HHHHHHHH
6,VKCRIG,THHHHH
5,DAPRF,ECCSC
9,MPNAKPEFI,CCTTCHHHH
10,LQQFSNPANP,CCTTTCTHHH
7,NIRLGAG,CGGGSTT
5,QSYHN,CCCCC
9,LPAPVGYAC,CCCCCEEEE
11,VEAATDIAKEL,EEECCCEEEEE
14,MRDQSQEDPREAQA,TCCGGGSCHHHHHH
9,TATPPGSVT,CSSCTTCCC
18,GCAWYELMPAETTVRLRA,HHHHSCCCHHHHHHHHHH
16,FQSGLDQTFQVEKRPH,TTSSCCCSEECCSSCC
20,IPLVTKADGTKFGKTESGTI,ECCCCCTTSCCTTCCSSCCC
6,CTPRVC,EEECBC
14,PKVSPEAVKKEAEL,CCCCHHHHHHHHHH
5,APIIC,EECEE
11,SGISKVFVGEV,HHHHHHHHHHH
6,CREVKC,EEECEE
14,VRGSDLCLAPMVEC,STTSSSCCHHHHHH
5,CKASC,EEECB
7,PYLETNL,HHHHSBC
9,AMASDSKLI,HHHHTHHHH
10,HAKSGEDIFG,HHHTTCCCEE
9,NDFNAELIN,EESCHHHHH
20,ISAISVYINNNQLEIKVGDF,HHHHHHHHHHSEEEEEESCG
7,VPIIEKF,ECCCEEE
7,PSEHVKP,GGGSBCC
6,IHVTPR,CCCCCC
5,CERED,CCCCC
4,QGAV,TTCE
12,LNHHETALRVTA,GCCHHHHHHHHH
7,TGSGVMA,SSCCHHH
10,VIDWKSIFQF,EEESGGGGCC
15,AAVLEYLTAEILELA,HHHHHHHHHHHHHHH
7,PQSLRDC,HHHHHHC
3,LPL,CCS
6,YIDTGA,ECCCCH
11,GRKMEHFFPNK,HTTSCCCCCCH
7,VDTGNWF,EECHHHH
7,AEDHQAL,CCEECCC
6,SIGYKS,CCCEEC
9,VTDQNDNRP,EECCSCCCC
8,PPSIKRKF,CCCSCCCC
10,PDNTLAWVWV,GGGCEEEEEE
3,MVC,EEE
5,LRRLS,HHHHT
5,DKTEV,EEEEE
14,VSTDSTPVTNQKSS,CSSCCCSCCBCCBS
9,GIQGRGALF,CSSGGGGGT
7,LDPSTPV,CCTTSEE
8,TNLYGPHD,CEEESTTS
6,GTPMRE,SCCEEC
11,TGVDCTIRELA,CSCCEEHHHHH
8,AEIKYDGV,EEECCCSE
9,WQAAESYEV,EEECCEEEE
5,FFTTL,EECCC
7,MKPENEA,ESCCEEE
7,PNSLIVP,CSEEEEE
9,LDPAAPPEF,SCCCCCCCC
17,LNNLKTTEISAERFLHD,SSSCCEEEEECCSSEEE
19,LELKHVIKDERLVTPTGKF,TEEEEEECCTTCCSEEEEE
7,ARKIVGA,HHHHHHH
6,YGHTLI,GGGGGC
5,LDLPA,BCHHH
4,AVEA,EEEC
6,GDRFWW,TCTTCT
5,FVGVL,EEEEE
12,EEELAKDPRIAA,HHHHTTSHHHHH
9,ALGKVHETP,HHHHHTTSB
20,TPLRPPVHEMDNETRKSLIA,CSCCCCSCCCCHHHHHHHHH
5,LSTQP,TCSCC
11,AKMYVDEIFSG,HHHHHHTTTGG
13,TERYRQHVLETKG,HHHHHHHHHHHHC
14,RLDYDAVFGTALNR,CCCCSTTTCCHHHH
10,TEQFSVNELA,SEEEEHHHHH
11,VPNPRVEAEEH,ECCSSCSCSSC
6,FDVQSV,BCTTTT
10,AQAYNRLTPY,HGGGGSCCBC
17,ESCHGPGRNFRGDHRKS,HHHHCCCTTTHHHHHHH
7,LLRFARA,HHHHHHH
8,GPQDMKMF,CCTTCEEE
49,SAAAATPAVRTVPQYKYAAGVRNPQQHLNAQPQVTMQQPAVHVQGQEPL,CCSCCSSCCCSCSSCCSSCCCSSTTTTCCCCSCCCCCCCCSCTTCCCCC
5,GDDVD,BCCEE
11,SRAWDGKEVAS,EETTTTCHHHH
8,YPDRQSGH,CEECCTTC
7,YLSITFL,TCCSSBC
5,TSRQD,HHHBC
4,AMAL,CCCE
8,SRETRAPL,CCCCCSCB
10,VIEVPPTLIY,EEEEEEEEEE
6,IYGYPV,EEEEEE
4,MVFG,CCCS
9,VRKVRTEIA,EEEECCCBC
13,LVDEGMITEEEAV,HHHTTSSCHHHHH
15,IETQEASVSGSFERI,CCBCCCCCCHHHHHH
4,ASDN,EECH
4,AQLP,ECCH
11,CRLIPQHTGTF,EEECCCCCSCC
11,LEFKMPADGRI,GSCCCCTTCCC
4,YFEQ,EEEE
5,VGRQP,ECCCC
5,KRSPW,BCCCE
5,LSEDF,HTCCC
7,MMNYLLP,HHHHHHH
6,VFNFEG,EEESCS
6,HIDNIV,GSSSBC
10,GMFSINRVYA,BHHHHHHHHH
20,GDTGGFNHTVEYILKLDRNP,EESSSCEEEEEEEEEESCHH
15,GVGAYRTDDCQPWVL,CSCCCCCTTSCCCCC
7,IGLDPGI,CBBTTBH
7,VKTMADR,HHHHHHH
6,PQFIKV,HHHHHH
10,AQQQLPKNKV,HCCCCCTTTB
9,ATLEEKMQF,HHHHHHSSC
6,TLEDTL,CGGGSH
7,AMAKLVG,HHHHHHH
9,FWGMASSSY,THHHHHHHH
10,KRRTTISIAA,CCCCCCCHHH
7,LKKSLDF,EEECBCC
8,AETHLAQY,HHHHHHHH
12,AASEEPGIISTH,EECSSCSEEEEE
6,DNVVVT,CCBCCC
7,GSFDVNG,SCCCCTT
11,AVRDGRIKPGQ,HHHTTCSCTTC
12,PREMEGWRGAEL,GGGTEEEEEECE
8,GQELDRVM,HHHHHHHH
5,SASEI,TTCSC
7,YYSQHNS,TTCCCEE
9,YAQLGHWCA,THHHHHHHH
8,TRFSKAYF,HHHHTTSS
6,HEGAPL,CCSCCE
7,QKTPHDE,ESSTTCS
16,ATLITSTIDHRDHPFI,EEEESCTTCGGGGGGE
5,ILFNP,EECCT
14,PRTREGYYRYQGGT,SCCTTCCEEECCSH
5,LQMDI,SEEEE
4,SGRS,EEEE
19,LEAQKQKEQRQAAEELANA,HHHHHHHHHHHHHHHHHHH
4,SDLI,CEEE
4,HGPS,THHH
5,LVSYS,CEEEE
5,LDSGA,EEHHH
5,VRGQN,CCCBT
13,VVSPFNLEPYEKL,CCCTTCCCCGGGG
6,AGLYSL,CCEEEC
17,VREALLRRQRAFRELPG,HHHHHHHHHHTTCCTTC
21,ARFTLAVGDNRVLDMASTYFD,CCCCCCSSSCCCSSCCSBCCB
16,AKKPLNTEGVMKSRSN,CBCCSCCSSCCCCCCS
15,CRDTSDADQGTSYLF,CCCCSTTCCCCSSSC
5,LMEKI,EEECC
7,EEEDEDE,CCSSCSS
6,LTIPEI,CBCCCC
6,LHTGIG,CSSCEE
6,SMPNRP,EEECCC
10,DSYDPDVRII,CCCCHHHHSC
10,VTYKHHEPTG,CCCTTCCSSC
8,LLNALVMV,HHHHHHHH
7,MDNVNPF,GGGSCTT
8,TSINAGRL,SHHHHHHH
13,SGTAINYDENLVT,TTCCCCCCSBTTB
7,FDRNRPS,ECSCSTT
19,YLSSHIAHVERVPFDAATL,CCCGGGTTCCCCCCCTTTG
8,IDMSLKPN,CCCCCCCC
16,PARTPANAAVPASTPL,CCCCCCCCCCCTTSBC
5,INIAF,CCCCS
4,GGNC,ECCH
12,CMKHYQGTVDKL,HHHHHHTTHHHH
8,FEIQGDVI,EEESCEEE
29,TDSTLRRRSKPERKERISEQTYQLSRWTP,CCCGGGCCCCCCCCCCCCSCCCTTCCCCC
32,YVREEVFTNNADVVAEKALKPESDITFSKQTA,ECCCCEECCCCCCCCTTSCCCCCCEECCCEEE
6,LMYGLA,HHHHHH
9,GLNKVATAY,CTGGGCEEC
7,GFDMASQ,CCTTTEE
11,TRYVQSSQTLD,CCCBCCCCBCG
7,GYTYINP,EEECCCT
9,NPEVKKTSW,CSSSCCCCC
5,VLEMV,EECCC
6,PAVPPP,CCCCCC
6,TGLDSP,CCCCCC
19,AMSLYLAGEISLLILDEPT,HHHHHTTTTTCEEEEECCC
6,TVSDVP,CCCCSC
5,AMGLI,HHTTB
6,QNYAML,HHHHHH
6,VPVIGT,CCBCSS
6,SGAKNA,CBCHHH
12,YAYKENGRDIHS,TTCCSSSCCHHH
12,VERLKLKQPANA,HHHTTCCCCCEE
6,VLPDRI,CCBCHH
11,QDTRAFKPGRG,CCCTTCSTTCG
12,AVGMAMAQANLA,HHHHHHHHHHHH
8,LDHFLDDA,EEECCTTC
10,SNSTMKKHGR,TTCCCCSSSE
8,NNKWNKLF,HHHHHHHH
9,VHYDTTLNG,CEEESSHHH
8,SETVLEDV,HHHHHHHH
9,SALSGHPVI,HHHHTCCCE
7,IVKDATT,CCSSEEE
10,YLALRHHTNL,HHHHHTTHHH
9,IEYIRDALT,HHHHHHHTT
9,IQVKDSAQN,EEEECSSCC
11,CYLQSFWTGSY,HHHGGGBCSSS
6,AHLGTG,CCSSSS
14,RNSVVPPSWGETSA,HTTCCCCCCSGGGS
7,LSETKEI,HHHHSSC
6,NVLKEI,EEEEEE
10,THDVELNLDY,HHSSSCCCCS
13,AIENMRKSGAIKA,HHHHHHHHHHHHH
26,AASKPEFIKPEDVSAEVVEKEYQVQL,HHHCCSBSSGGGSCHHHHHHHHHHHH
12,FTGEVSLTGQPF,HHHHHBTTTSEE
19,FEPIRPYEFTGRGDRIGWV,CBCCCCCCCCBCCCCCEEE
8,LMNAVTPQ,TTCCCCHH
8,ALRGLFYA,HHHHHHHH
8,LRQAAEVL,HHHHHHHH
7,ADNLALA,HHHHHHH
9,NKALSHPHS,HHHHTSCST
7,TGAVMHY,TTHHHHH
4,DSVI,CSSS
7,GKRLWEM,HHHHHHH
4,AVYE,CCCC
12,LREGMPECVAAP,HHTCCCCCCCCC
11,DIAGFEIFDFN,EEECCCCCSSB
12,YPRQSFDTAHFP,SCCCCCCTTTSC
14,HLITYHPSLCKHRP,HHHHHCGGGGGTCC
7,GMDLAAC,THHHHHH
3,DPL,CCC
26,FATYXXXXXXXXXXXXXXXXXXXXQT,TSCCXXXXXXXXXXXXXXXXXXXXCC
8,GCFAPLEV,BCCHHHHH
14,IRICRKGFPSRVLY,HHHHTTSCCCBCCH
9,FEEILFAIL,HHHHHHHHG
8,FFXAGLLG,BCXCCHHH
9,VSSAKTTAP,ECSCCCBCC
26,EPRGPTIXXKPCPPCKCPAPNLLGGP,CCCCCSCXXCCCCCCSCCCSCCCCCC
10,IYQLQDDDCT,HHHHBCTTSS
13,IXSKPKGXSVRAP,EXECCCCXCCBCC
8,GSAEIDCM,CHHHHHHH
5,NLVLI,HHHHH
6,ARKFLL,ECSCCE
20,ADRIVMDGEVITVGGIVFTA,CSEECCTTCEEEETTEEEEE
9,LPTVQFDFT,CCCCCCCBC
20,AANEIARVTGETSTWGPARQ,HHHHHHHHHHHHTSCCCEEC
8,VPMLADRT,TTGGGSHH
12,SMDKTLNQYPAL,ESSCCTTSSTTH
7,IQKRAEG,HHHHTTT
11,VSLRELKKKLY,ECHHHHHHHHH
3,LHL,HHH
4,YHWN,EEEC
6,FSHSTT,BCCEEE
8,VYQSLTRI,CCCHHHHH
8,FKPTNLDN,ECCCCCCS
19,ENPGVTQLNRLAAHPPFAS,GCTTCSEESCCCCCSCCCC
6,VCKLKP,GGGTSC
7,LLHKPTT,EEEECSS
3,VGF,ECB
15,CFVGGEDHSSEMHSS,SSCCCCSCCCCCCGG
11,MKQNNFNAVRC,HHHTTCCEEEC
6,TDIICP,CSSBCC
6,GFVWDW,EEESCS
11,GKASSAKQRLK,HHHHTTTTHHH
11,MIEEMVIDAKH,HHHHHHHHHHH
8,HMNDFQLS,HSTTCCCC
12,ADLPSLAADFVE,CSSCCCCCCSSS
11,LNKTRAKKAEW,HHHHHTTHHHH
4,LRLE,EEEE
6,HFVKMV,HHHHHH
8,FKPLVEEP,HTHHHHHH
5,FDTAF,ETTGG
14,DETYVPKEFNAETF,CTTCCCCCCCCSSS
11,HTYLREMEVKC,HHHHHHHHHHH
4,APTV,CCCH
12,PTEEQKRMLLLP,CCHHHHHTTSEE
15,VQECXXXXXXXXIRG,EECCXXXXXXXXCCC
16,VNQCRRQSEDSTFYLG,EECCSCCCCCCSCCCC
24,VVTAGLDHLPWESIPPHVTVAGNA,BSSSCCTTSCCTTSCTTSCEECCC
5,AEQKP,HHCCC
11,GGYGNERVWRQ,SSSSCHHHHHC
15,FGQTQGRSPQLLNRM,HHHHTTCCCEEESSC
6,STGYGS,HHHHHH
8,RTWKGAIF,CEEEECSG
9,ASIPCPRSE,EEEECCTTT
14,LEAVRKYFQLDVTL,HHHHHHHTTTTSCH
7,RLLRQDP,CCCCCCH
4,IPQI,CCEE
7,VPSDTLQ,SBCSHHH
8,IKLQSPEV,EEECCCCC
5,APGRY,BCCEE
9,VLALAQIEN,HHHHHHHHH
20,LGMRISALQSLSDTPSPVQW,CCCEECCCCCCCCBSSCEEC
5,NQEAS,HHHHH
5,LQENL,CCCCG
15,ASAKMLHEMQRKNEQ,HHHHHHHHHHHHHHH
7,FGVIEPG,EESHHHH
7,VDSSEAL,ECHHHHH
4,IRDL,CEEC
7,PPPYQPL,CCCCCCC
14,WEAHYEVLPGKEKV,TEECCEECTTTHHH
11,FQLQKEQKKQL,HHHHHHHHTTC
8,LNIDRVNA,CCHHHHHH
6,VEPPDL,CCCCEE
13,GFFRPDEAHQPHF,EEECCCTTTHHHH
12,EREIKAFVPEEF,HHHHHTCCCCEE
13,VLEREDKPTTSKP,EEEEEEEEEEECC
3,AKY,EEE
13,LTPAQHFTKPPAR,EEEEEEECCCCCC
9,VLATDMSKH,HHTTCGGGH
13,TEELKYSVDQESL,HHHHHSCCCHHHH
12,PFAEYSSLDELF,CCCCCSCHHHHH
8,LVASRLVN,HHHTTTTT
14,AVEILARHHDYSLP,HHHHHHHHCCCCSC
6,YGYLWS,THHHHH
35,GVTPSTTALPDIVNLSTNYLDKNTREDRIHSIKDF,SCCCCCCSSSCCCCCCHHHHTTTTCCSSCCCHHHH
8,INFYGELV,ECHHHHHH
10,LFMKNSLSII,HHHHHHHHHH
11,LGEVKKRINVL,HHHHHHHHSEE
5,FVVEF,HHHHH
14,LASILMVLKGLPST,HHHHHHHHTTCCSS
7,LTPEMLA,CCGGGGH
11,VSQVFNFVNSV,GGGGSCHHHHH
8,CNNPHRIL,EEESSCEE
17,PLGNGFPVAEVTSTDKI,EESBCCCCTTCCSSCCE
4,IMRS,EEEC
8,ATPKIAGI,EEECCCSE
12,RLGITRDWESRW,GSSSSCCCSCBC
8,IPLIPVEI,EECCCEEE
13,LNVQEVQNPNLSA,CCEEECSCGGGCH
7,MKQFKDA,ECCCEEE
10,VISVPVQPRA,EEECCCCCCE
7,GLANQEV,TTHHHHH
9,SKDKSSTEE,ETTSCEEEE
12,AVTLDMLDLGAA,EECGGGCCHHHH
6,IRSRKM,HHHHHH
8,GVDFYSIV,TTTCCSEE
14,LIRDSDEVVRRAVA,GTTCSSHHHHHHHH
14,FMRDEDRQVRKLVA,TTTCSCHHHHHHHH
5,LGNSL,EEECE
6,HKKVEY,SCCEEE
5,VEIYS,EEEEB
30,QMALHANVTGAMNYTWATCTINTHAPRSML,HHHHTCSTTSCCCSCCCSSHHHHSCCSCCH
9,VKYQLAGPI,EECCTTHHH
6,YWVKLF,HHHHHH
10,PSQDEWGTTP,CSCSSCCSHH
6,PGPNPV,SSEEEE
7,EKTDGIR,EEECSEE
7,LRYKEWI,EEECCCE
9,LKPGTHHTI,ECSTTCCEE
10,VNNYEDSILP,HHHHHHHHSC
